distances_id,distance,probs
fishcard_12S_all_elas:LB1:0,0.5565990980340091,0.9999467623360525
